id,first_name,last_name,email,gender,ip_address
1,Bern,Coils,bcoils0@clickbank.net,Male,78.190.143.136
2,Amby,Entissle,aentissle1@prnewswire.com,Male,227.199.37.83
3,Chester,Nyssens,cnyssens2@shareasale.com,Male,54.247.102.195
4,Ilaire,Nutbrown,inutbrown3@wp.com,Male,242.174.176.185
5,Enid,Albers,ealbers4@domainmarket.com,Female,181.141.129.18
6,Darin,Mandrake,dmandrake5@va.gov,Male,31.251.251.237
7,Cameron,Scutter,cscutter6@example.com,Male,255.23.240.162
8,Tuesday,Mytton,tmytton7@hubpages.com,Polygender,113.230.69.120
9,Rosabel,Taberner,rtaberner8@tmall.com,Female,84.229.168.220
10,Jilleen,Delahunt,jdelahunt9@amazon.com,Female,134.11.62.251
11,Pattin,Pilipyak,ppilipyaka@usatoday.com,Male,51.20.117.103
12,Tami,Hillan,thillanb@imdb.com,Female,7.7.109.195
13,Clyve,Blowne,cblownec@census.gov,Male,62.187.85.16
14,Maxi,Sturgis,msturgisd@businesswire.com,Female,52.14.122.13
15,Boy,Corradetti,bcorradettie@shop-pro.jp,Male,134.235.154.144
16,Gerek,Yard,gyardf@mozilla.com,Male,213.41.241.135
17,Chicky,Hounihan,chounihang@live.com,Female,70.92.148.90
18,Lyndell,Scurlock,lscurlockh@purevolume.com,Female,219.209.65.246
19,Raven,Lefley,rlefleyi@columbia.edu,Female,204.94.85.89
20,Audry,Crocombe,acrocombej@wikipedia.org,Female,13.124.107.89
21,Lorettalorna,Kubat,lkubatk@about.com,Female,52.168.87.233
22,Chrystel,McAlister,cmcalisterl@pagesperso-orange.fr,Non-binary,67.90.197.92
23,Rickard,Gapper,rgapperm@godaddy.com,Polygender,70.167.160.68
24,Revkah,Robley,rrobleyn@freewebs.com,Female,181.238.225.89
25,Klaus,Ammer,kammero@blogs.com,Male,123.116.66.239
26,Celestina,Feldstein,cfeldsteinp@scientificamerican.com,Genderfluid,8.20.218.149
27,Siouxie,Awcock,sawcockq@wsj.com,Female,255.249.139.194
28,Lissa,Stobo,lstobor@arizona.edu,Female,180.179.48.85
29,Allianora,Foulds,afouldss@netvibes.com,Female,252.218.115.234
30,Filberte,Glyssanne,fglyssannet@home.pl,Polygender,234.26.250.235
31,Louisette,Hindmore,lhindmoreu@de.vu,Female,114.120.171.47
32,Kearney,Goldsworthy,kgoldsworthyv@apple.com,Male,129.54.22.200
33,Krystalle,Dinsmore,kdinsmorew@cbc.ca,Female,27.56.19.70
34,Georgianne,Billing,gbillingx@xinhuanet.com,Female,92.163.14.218
35,Corrianne,Tubb,ctubby@netvibes.com,Genderfluid,138.195.204.15
36,Anson,Draper,adraperz@twitter.com,Male,83.90.61.228
37,Elvis,Danilovich,edanilovich10@globo.com,Male,100.145.173.69
38,Mariana,McGarvey,mmcgarvey11@simplemachines.org,Female,200.226.181.135
39,Arie,Ribey,aribey12@bravesites.com,Non-binary,10.212.8.212
40,Georas,Kelleher,gkelleher13@amazon.co.uk,Male,46.216.46.39
41,Alissa,Berfoot,aberfoot14@bbc.co.uk,Female,64.133.54.41
42,Jed,McShee,jmcshee15@ustream.tv,Male,84.163.250.201
43,Shanon,Ragge,sragge16@vistaprint.com,Female,97.199.231.159
44,Courtnay,McSherry,cmcsherry17@smh.com.au,Non-binary,162.222.118.5
45,Orland,Wintersgill,owintersgill18@youku.com,Male,9.246.25.100
46,Nanny,Kleinstub,nkleinstub19@si.edu,Female,62.101.194.190
47,Howard,Boylin,hboylin1a@nationalgeographic.com,Male,124.200.163.147
48,Kellsie,Walaron,kwalaron1b@angelfire.com,Female,201.64.68.88
49,Jillana,Cunliffe,jcunliffe1c@state.gov,Female,218.164.227.70
50,Trace,Eley,teley1d@cnn.com,Male,246.78.81.181
51,Car,Golston,cgolston1e@jigsy.com,Male,19.69.114.173
52,Yvon,Wasiela,ywasiela1f@netlog.com,Male,2.207.151.5
53,Ariana,Bear,abear1g@ow.ly,Female,232.138.128.246
54,Lotti,Lafford,llafford1h@tumblr.com,Female,35.60.170.229
55,Rees,Chetham,rchetham1i@over-blog.com,Male,192.87.145.230
56,Arron,Keemer,akeemer1j@google.com,Male,188.155.113.96
57,Darcie,Proudler,dproudler1k@4shared.com,Bigender,186.62.184.18
58,Sandy,Bodker,sbodker1l@twitter.com,Male,64.140.224.230
59,Kevan,Vahey,kvahey1m@tumblr.com,Male,92.11.154.22
60,Godwin,Raden,graden1n@gmpg.org,Male,252.140.135.246
61,Rayner,Tootal,rtootal1o@multiply.com,Male,67.115.87.221
62,Mannie,Cockett,mcockett1p@blogs.com,Male,69.54.166.249
63,Rosita,O'Codihie,rocodihie1q@t.co,Female,223.241.196.166
64,Lurleen,Sheen,lsheen1r@ucla.edu,Female,50.146.30.88
65,Keslie,Flacknoe,kflacknoe1s@shinystat.com,Female,250.235.122.218
66,Corilla,Lowers,clowers1t@vistaprint.com,Female,215.181.185.149
67,Denny,Schlagtmans,dschlagtmans1u@google.pl,Genderfluid,45.233.171.186
68,Ellen,Coumbe,ecoumbe1v@weather.com,Female,150.163.158.143
69,Natty,Yard,nyard1w@state.tx.us,Male,123.168.185.110
70,Aarika,Baddam,abaddam1x@washington.edu,Female,92.134.253.56
71,Celesta,Lovitt,clovitt1y@ning.com,Female,250.116.211.194
72,Sydney,Woolbrook,swoolbrook1z@thetimes.co.uk,Male,153.57.145.173
73,Harmonia,L'Amie,hlamie20@earthlink.net,Female,201.220.248.165
74,Vivienne,Connal,vconnal21@soundcloud.com,Genderfluid,56.117.31.17
75,Valaree,Penny,vpenny22@slate.com,Female,173.244.50.111
76,Ronnie,Schiersch,rschiersch23@dion.ne.jp,Male,174.243.38.96
77,Simmonds,Rillatt,srillatt24@howstuffworks.com,Male,143.188.178.4
78,Jarrad,Van Der Straaten,jvanderstraaten25@a8.net,Male,174.5.234.209
79,Derward,Sikorsky,dsikorsky26@clickbank.net,Male,113.232.23.170
80,Aloisia,Lovering,alovering27@ft.com,Female,170.154.18.235
81,Ilyssa,McKelvey,imckelvey28@guardian.co.uk,Bigender,88.152.17.6
82,Bentlee,Budding,bbudding29@dyndns.org,Male,111.53.6.112
83,Morley,Rendell,mrendell2a@homestead.com,Male,198.53.134.49
84,Candide,Candlish,ccandlish2b@blogger.com,Female,164.30.243.45
85,Claiborn,Thickin,cthickin2c@amazon.co.uk,Male,65.252.129.0
86,Arch,Gowanlock,agowanlock2d@studiopress.com,Male,11.174.230.227
87,Darren,McBrier,dmcbrier2e@deliciousdays.com,Male,49.213.1.15
88,Leonanie,Lattka,llattka2f@mozilla.com,Female,253.130.25.233
89,Reynard,Goodhay,rgoodhay2g@marketwatch.com,Male,230.126.159.218
90,Ailis,Eilhersen,aeilhersen2h@google.ca,Female,60.165.127.114
91,Sheila-kathryn,Posselt,sposselt2i@biblegateway.com,Female,27.139.225.163
92,Harli,Ranby,hranby2j@gov.uk,Female,128.153.172.157
93,Kendricks,Vuitte,kvuitte2k@domainmarket.com,Male,139.217.22.42
94,Alwyn,Byrch,abyrch2l@berkeley.edu,Male,26.119.201.89
95,Nada,Lorentz,nlorentz2m@i2i.jp,Female,84.176.66.24
96,Padraic,Frear,pfrear2n@globo.com,Male,241.32.2.219
97,Chalmers,Cerie,ccerie2o@bing.com,Male,250.103.229.18
98,Karlene,Mayward,kmayward2p@sohu.com,Female,96.99.25.158
99,Randie,Ducker,rducker2q@acquirethisname.com,Female,131.119.240.145
100,Alidia,Scedall,ascedall2r@globo.com,Polygender,178.35.19.126
101,Melodee,Crookston,mcrookston2s@sohu.com,Non-binary,114.251.80.48
102,Adrianne,Bruckstein,abruckstein2t@china.com.cn,Female,48.105.192.94
103,Hillary,Dorsett,hdorsett2u@house.gov,Male,26.177.104.196
104,Meredithe,Huckett,mhuckett2v@cloudflare.com,Female,174.253.203.61
105,Gerek,Bennet,gbennet2w@histats.com,Male,117.182.166.227
106,Riccardo,Bernardinelli,rbernardinelli2x@homestead.com,Male,11.245.23.92
107,Emma,Skipworth,eskipworth2y@slideshare.net,Female,147.51.194.87
108,Halsy,Hothersall,hhothersall2z@thetimes.co.uk,Male,117.140.51.11
109,Abigael,Codlin,acodlin30@state.tx.us,Female,203.244.204.36
110,Tallie,Gladbach,tgladbach31@1und1.de,Female,114.69.72.226
111,Siffre,Silverlock,ssilverlock32@geocities.com,Male,20.102.114.144
112,Aubry,Georgeon,ageorgeon33@google.nl,Female,222.197.35.11
113,Urban,MacGillreich,umacgillreich34@scribd.com,Genderfluid,153.212.8.60
114,Jobina,Marshfield,jmarshfield35@acquirethisname.com,Female,111.103.53.174
115,Janean,Gavriel,jgavriel36@blinklist.com,Non-binary,163.166.136.141
116,Tomas,Gluyas,tgluyas37@webnode.com,Male,90.19.162.126
117,Dede,Bruyns,dbruyns38@yolasite.com,Female,183.80.255.113
118,Ame,Penkethman,apenkethman39@google.ru,Female,217.116.214.41
119,Saxon,Clouston,sclouston3a@google.com,Male,26.37.68.188
120,Edik,Mation,emation3b@who.int,Male,227.218.125.79
121,Colas,Rumble,crumble3c@google.es,Male,120.51.181.163
122,Richmond,Daulton,rdaulton3d@dot.gov,Male,98.236.127.11
123,Algernon,Fitkin,afitkin3e@java.com,Male,173.97.233.0
124,Josey,Klaussen,jklaussen3f@home.pl,Female,170.50.212.67
125,Corie,MacCardle,cmaccardle3g@shutterfly.com,Bigender,201.200.56.150
126,Erasmus,D'Alessio,edalessio3h@constantcontact.com,Male,67.114.176.56
127,Clemence,Shilstone,cshilstone3i@exblog.jp,Female,27.41.132.224
128,Monte,Yaus,myaus3j@smh.com.au,Male,183.213.86.29
129,Coop,Caulcott,ccaulcott3k@prlog.org,Male,198.40.200.100
130,Loren,Frontczak,lfrontczak3l@jigsy.com,Female,29.157.127.97
131,Cob,Hulstrom,chulstrom3m@prlog.org,Male,74.210.109.24
132,Jecho,Van Dijk,jvandijk3n@hibu.com,Male,241.194.103.183
133,Jasmine,Bell,jbell3o@amazon.co.jp,Female,102.36.72.253
134,Chrisy,Featherbie,cfeatherbie3p@surveymonkey.com,Male,195.83.244.19
135,Ferris,Bourbon,fbourbon3q@rambler.ru,Genderqueer,140.118.82.44
136,Janessa,Ritchman,jritchman3r@last.fm,Female,28.219.43.142
137,Marlin,Kirkup,mkirkup3s@illinois.edu,Male,54.120.214.237
138,Portie,Oran,poran3t@house.gov,Male,60.140.5.22
139,Ninnetta,Halworth,nhalworth3u@yahoo.co.jp,Female,50.55.208.148
140,Frederique,Plomer,fplomer3v@tmall.com,Bigender,179.145.204.140
141,Fredrika,Snasdell,fsnasdell3w@ebay.com,Female,247.81.50.203
142,Kerwinn,Linnit,klinnit3x@wikimedia.org,Male,165.222.132.252
143,Barrett,Walsham,bwalsham3y@friendfeed.com,Male,122.74.160.10
144,Mellicent,Webburn,mwebburn3z@twitpic.com,Female,155.57.96.201
145,Blaire,Rozanski,brozanski40@economist.com,Female,224.152.131.179
146,Zandra,Verden,zverden41@about.me,Female,204.223.106.122
147,Sim,Derl,sderl42@tripod.com,Male,241.132.79.95
148,Tedmund,Francis,tfrancis43@vk.com,Male,213.58.10.223
149,Kelley,Pawfoot,kpawfoot44@xing.com,Male,179.105.139.199
150,Debra,Saile,dsaile45@sfgate.com,Female,106.35.254.136
151,Lulita,Siehard,lsiehard46@clickbank.net,Female,235.138.36.65
152,Ursulina,Farraway,ufarraway47@twitpic.com,Female,170.203.22.128
153,Conni,Habbin,chabbin48@washingtonpost.com,Female,55.246.91.67
154,Shannan,Ewer,sewer49@amazon.com,Bigender,239.63.142.80
155,Collie,Vaggers,cvaggers4a@acquirethisname.com,Female,47.77.18.154
156,Gorden,Hellin,ghellin4b@ibm.com,Male,76.31.207.254
157,Enrichetta,Lorey,elorey4c@ning.com,Female,237.97.208.155
158,Fern,Frederick,ffrederick4d@spotify.com,Female,240.66.15.83
159,Jud,McTurk,jmcturk4e@fema.gov,Male,113.226.227.48
160,Hanny,Harber,hharber4f@ocn.ne.jp,Female,151.188.171.185
161,Ivory,Bankes,ibankes4g@weibo.com,Female,241.226.61.195
162,Abel,Cawston,acawston4h@geocities.com,Male,72.92.89.229
163,Jany,McGinnis,jmcginnis4i@xrea.com,Female,143.92.55.250
164,Darryl,Thebeau,dthebeau4j@nps.gov,Male,104.221.109.137
165,Lianna,Taggart,ltaggart4k@ucoz.ru,Female,87.146.43.102
166,Harli,Linnett,hlinnett4l@irs.gov,Female,71.83.89.240
167,Adrienne,Cowpertwait,acowpertwait4m@cnbc.com,Female,98.67.3.180
168,Fern,Edrich,fedrich4n@gnu.org,Female,129.247.161.70
169,Estelle,Barthorpe,ebarthorpe4o@cornell.edu,Female,46.159.67.21
170,Denver,Cafferty,dcafferty4p@wikipedia.org,Male,153.197.13.170
171,Ernestine,Swire,eswire4q@symantec.com,Female,40.213.158.109
172,Boycey,Breitler,bbreitler4r@spotify.com,Polygender,139.98.48.133
173,Prudence,Caunt,pcaunt4s@google.co.jp,Female,184.5.193.146
174,Lothaire,Seegar,lseegar4t@google.com.hk,Male,1.139.116.163
175,Annabela,Furmenger,afurmenger4u@nba.com,Female,68.111.226.117
176,Findley,Germon,fgermon4v@bandcamp.com,Male,200.123.17.203
177,Murdock,Ramiro,mramiro4w@simplemachines.org,Polygender,118.19.172.149
178,Abey,Wolverson,awolverson4x@ameblo.jp,Male,178.157.249.154
179,Eddy,Sterricker,esterricker4y@netscape.com,Male,123.11.178.34
180,Krystyna,Andrioli,kandrioli4z@mashable.com,Genderfluid,199.15.135.188
181,Roxy,Garratt,rgarratt50@cbslocal.com,Non-binary,11.49.93.227
182,Johnny,Beric,jberic51@is.gd,Male,92.25.26.186
183,Carlie,McShane,cmcshane52@phpbb.com,Female,208.82.81.41
184,Mommy,Dumberrill,mdumberrill53@nsw.gov.au,Non-binary,40.105.190.58
185,Salvatore,Venditti,svenditti54@storify.com,Male,20.163.34.63
186,Gerek,Blaxill,gblaxill55@opera.com,Male,71.185.63.176
187,Leandra,Blazhevich,lblazhevich56@slashdot.org,Female,79.243.93.162
188,Leodora,Ferrettino,lferrettino57@reuters.com,Female,154.142.101.100
189,Chris,Bankhurst,cbankhurst58@issuu.com,Non-binary,153.20.115.163
190,Nils,Fihelly,nfihelly59@samsung.com,Male,252.17.98.253
191,Martita,Sketchley,msketchley5a@disqus.com,Female,73.100.118.173
192,Walker,Dilston,wdilston5b@patch.com,Male,47.230.20.13
193,Jehanna,Noah,jnoah5c@earthlink.net,Female,223.255.78.71
194,Leighton,Gansbuhler,lgansbuhler5d@utexas.edu,Male,78.185.192.222
195,Tillie,Laight,tlaight5e@yellowbook.com,Female,108.113.150.224
196,Mayne,Sebyer,msebyer5f@imageshack.us,Male,169.127.79.106
197,Libbi,Becker,lbecker5g@lycos.com,Female,58.151.79.190
198,Charlean,Marvin,cmarvin5h@ibm.com,Female,249.104.139.214
199,Sheri,Cowing,scowing5i@123-reg.co.uk,Genderfluid,65.229.125.40
200,Amby,Barwell,abarwell5j@reuters.com,Male,200.89.53.192
201,Boothe,Goldine,bgoldine5k@google.es,Male,197.2.60.242
202,Micky,Steljes,msteljes5l@imgur.com,Male,190.242.40.246
203,Marget,Willisch,mwillisch5m@cnn.com,Female,226.88.67.250
204,York,Minogue,yminogue5n@fastcompany.com,Male,122.23.252.80
205,Martin,Spatarul,mspatarul5o@myspace.com,Male,26.147.225.150
206,Coleen,Gallyon,cgallyon5p@ucsd.edu,Female,130.119.79.115
207,Eliot,O'Leahy,eoleahy5q@e-recht24.de,Male,207.242.245.233
208,Nell,Bracchi,nbracchi5r@abc.net.au,Female,4.38.103.26
209,Dyna,Luckings,dluckings5s@issuu.com,Female,83.106.157.41
210,Ernest,Gillease,egillease5t@myspace.com,Male,252.1.39.61
211,Inessa,Purcell,ipurcell5u@pbs.org,Female,104.115.117.222
212,Faustine,Attawell,fattawell5v@123-reg.co.uk,Female,125.255.81.185
213,Nadeen,Skidmore,nskidmore5w@ehow.com,Genderfluid,1.4.120.197
214,Abram,Ivan,aivan5x@creativecommons.org,Male,11.133.143.250
215,Lester,Bowling,lbowling5y@odnoklassniki.ru,Male,77.60.47.121
216,Heather,O'Sheils,hosheils5z@marriott.com,Female,229.5.68.102
217,Vernor,Bello,vbello60@smugmug.com,Male,148.49.116.253
218,Brooks,Pask,bpask61@abc.net.au,Male,84.246.196.218
219,Paloma,Leys,pleys62@elpais.com,Agender,143.177.170.214
220,Ware,Thurling,wthurling63@merriam-webster.com,Male,88.61.43.154
221,Estelle,Ditchett,editchett64@house.gov,Female,111.43.40.93
222,Maurice,Quiddinton,mquiddinton65@is.gd,Male,96.175.145.107
223,Jarrad,Routledge,jroutledge66@jimdo.com,Male,124.84.129.219
224,Norrie,Stanyer,nstanyer67@cdc.gov,Male,49.140.192.49
225,Em,Yerrill,eyerrill68@liveinternet.ru,Female,77.118.2.21
226,Marieann,Gullyes,mgullyes69@acquirethisname.com,Female,108.14.119.24
227,Seline,Chelnam,schelnam6a@webeden.co.uk,Female,196.122.202.75
228,Jeffrey,Ginnane,jginnane6b@ycombinator.com,Male,39.27.86.102
229,Teddi,Rajchert,trajchert6c@jigsy.com,Female,243.193.98.39
230,Karolina,Odda,kodda6d@homestead.com,Female,43.107.92.161
231,Fredelia,Ropars,fropars6e@boston.com,Female,37.240.252.170
232,Smitty,Hummerston,shummerston6f@mac.com,Male,7.242.20.228
233,Cynthea,Stotherfield,cstotherfield6g@prlog.org,Female,171.42.202.57
234,Reine,Dailey,rdailey6h@macromedia.com,Female,111.89.83.24
235,Warren,Arnaez,warnaez6i@jimdo.com,Male,189.31.141.158
236,Erastus,Lorrie,elorrie6j@dedecms.com,Male,134.240.216.141
237,Suzanne,Tacey,stacey6k@woothemes.com,Female,135.171.222.77
238,Francklin,Myrick,fmyrick6l@barnesandnoble.com,Male,202.239.224.113
239,Jeffie,Witchell,jwitchell6m@cnet.com,Male,55.216.149.246
240,Grissel,Tarbin,gtarbin6n@exblog.jp,Female,207.208.51.145
241,Marijn,Lough,mlough6o@theglobeandmail.com,Polygender,197.216.228.191
242,Cecilius,Stoate,cstoate6p@unblog.fr,Male,164.60.93.81
243,Kristoffer,Roubeix,kroubeix6q@elegantthemes.com,Male,98.164.11.67
244,Meg,Eliot,meliot6r@independent.co.uk,Female,99.128.76.187
245,Adolph,Clynman,aclynman6s@bloomberg.com,Male,92.247.108.17
246,Sibby,Dackombe,sdackombe6t@yelp.com,Female,35.180.129.143
247,Katie,Drinkall,kdrinkall6u@woothemes.com,Female,151.219.36.155
248,Garek,McSwan,gmcswan6v@blogspot.com,Male,213.169.201.72
249,Clive,Patterfield,cpatterfield6w@cisco.com,Male,121.93.80.22
250,Jere,Ashby,jashby6x@linkedin.com,Male,252.182.14.124
251,Garnette,Kiera,gkiera6y@sogou.com,Female,16.1.5.255
252,Shannan,Pegden,spegden6z@paginegialle.it,Male,137.97.177.189
253,Fifine,Weippert,fweippert70@nytimes.com,Female,57.206.13.172
254,Terri-jo,Nayshe,tnayshe71@auda.org.au,Female,219.214.33.218
255,Anton,Eagland,aeagland72@surveymonkey.com,Male,239.51.224.57
256,Elijah,Kinglesyd,ekinglesyd73@ucoz.com,Male,240.109.114.12
257,Emili,Malling,emalling74@sfgate.com,Female,25.132.45.247
258,Terra,Francais,tfrancais75@ameblo.jp,Female,219.67.217.159
259,Clayton,Le Jean,clejean76@youtube.com,Male,58.131.194.92
260,Wynnie,Eich,weich77@gov.uk,Female,154.22.215.67
261,Kinny,Lansdowne,klansdowne78@php.net,Male,245.222.198.19
262,Townie,Schwartz,tschwartz79@flickr.com,Male,178.104.216.143
263,Michale,Halsho,mhalsho7a@time.com,Male,122.96.141.89
264,Jonell,Acock,jacock7b@usatoday.com,Female,175.204.0.247
265,Bendicty,Girardey,bgirardey7c@themeforest.net,Male,123.43.90.215
266,Zacharia,Chorley,zchorley7d@yale.edu,Male,121.15.91.193
267,Gianina,Escoffrey,gescoffrey7e@cbc.ca,Female,172.39.144.150
268,Lisha,Kain,lkain7f@shinystat.com,Female,243.125.54.17
269,Manolo,Kyte,mkyte7g@ebay.com,Male,212.78.215.104
270,Phip,Arnopp,parnopp7h@github.com,Male,38.48.12.251
271,Jan,Jilliss,jjilliss7i@github.io,Female,75.107.108.183
272,Genna,Vasechkin,gvasechkin7j@goodreads.com,Non-binary,106.33.112.140
273,Christean,Barday,cbarday7k@sbwire.com,Female,168.207.49.11
274,Katherine,Gilhouley,kgilhouley7l@lycos.com,Female,59.123.143.163
275,Vonnie,Dudman,vdudman7m@bluehost.com,Female,51.41.102.240
276,Borden,Forrest,bforrest7n@hostgator.com,Male,2.198.236.231
277,Shell,Drewell,sdrewell7o@cloudflare.com,Female,158.245.219.25
278,Zach,Appleton,zappleton7p@mtv.com,Agender,238.72.244.157
279,Freeland,Cankett,fcankett7q@bravesites.com,Male,25.146.235.200
280,Hillier,Heselwood,hheselwood7r@soup.io,Male,131.87.204.31
281,Rowney,Lozano,rlozano7s@ocn.ne.jp,Male,40.219.49.244
282,Sanson,Beartup,sbeartup7t@networksolutions.com,Male,226.181.25.73
283,Tristam,Farlambe,tfarlambe7u@amazon.com,Genderfluid,130.30.70.8
284,Rosanna,Biskupiak,rbiskupiak7v@upenn.edu,Female,32.233.212.131
285,Myrtice,Narrie,mnarrie7w@tripadvisor.com,Female,38.225.151.129
286,Constancia,Cullnean,ccullnean7x@twitter.com,Female,45.91.28.43
287,Tristan,Stanway,tstanway7y@acquirethisname.com,Male,30.138.106.9
288,Sonja,Oxenden,soxenden7z@auda.org.au,Female,106.116.101.60
289,Westbrook,Leamon,wleamon80@w3.org,Male,40.161.251.114
290,Daryle,Pillington,dpillington81@geocities.jp,Male,53.144.197.84
291,Muire,Winthrop,mwinthrop82@go.com,Female,252.243.160.128
292,Donnie,Emsley,demsley83@ifeng.com,Female,173.131.111.110
293,Johannah,Saphin,jsaphin84@nyu.edu,Female,87.146.149.62
294,Alisa,Marion,amarion85@theglobeandmail.com,Female,245.18.79.191
295,Emmalee,Pail,epail86@admin.ch,Genderfluid,116.72.11.158
296,Hailee,Danjoie,hdanjoie87@live.com,Female,17.170.16.69
297,Delainey,Karpfen,dkarpfen88@discuz.net,Male,136.177.133.61
298,Harris,Hansford,hhansford89@adobe.com,Male,145.128.76.33
299,Toinette,Hubberstey,thubberstey8a@printfriendly.com,Female,203.69.244.69
300,Stevana,Rudsdell,srudsdell8b@rakuten.co.jp,Female,35.138.80.211
301,Roxi,Pietrowicz,rpietrowicz8c@unicef.org,Non-binary,98.139.170.245
302,Amalia,Werndley,awerndley8d@hexun.com,Female,12.40.30.253
303,Kristen,Hansford,khansford8e@usatoday.com,Female,192.43.30.4
304,Manda,Minton,mminton8f@bbc.co.uk,Female,234.93.31.222
305,Reginauld,Usher,rusher8g@symantec.com,Male,184.129.174.100
306,Corri,Pedracci,cpedracci8h@earthlink.net,Agender,150.182.45.39
307,Greggory,Cashford,gcashford8i@shinystat.com,Male,166.65.74.19
308,Lorilyn,Linskill,llinskill8j@zdnet.com,Female,192.28.228.192
309,Charleen,Clayfield,cclayfield8k@sfgate.com,Female,88.101.21.46
310,Prent,Elcoate,pelcoate8l@cloudflare.com,Male,138.76.220.82
311,Gerhardine,Coper,gcoper8m@nih.gov,Female,215.109.34.57
312,Hesther,Izacenko,hizacenko8n@ft.com,Female,84.105.150.25
313,Faunie,Haslock,fhaslock8o@vistaprint.com,Female,85.187.224.10
314,Betti,Vallack,bvallack8p@bing.com,Female,255.207.241.61
315,Selestina,McKinless,smckinless8q@purevolume.com,Female,136.232.1.218
316,Glynn,Cannell,gcannell8r@nsw.gov.au,Male,203.47.29.32
317,Anne,Darleston,adarleston8s@census.gov,Female,240.65.51.226
318,Gottfried,Brislan,gbrislan8t@who.int,Male,231.204.7.244
319,Lorrie,Stephens,lstephens8u@multiply.com,Male,110.60.26.211
320,Romy,A'field,rafield8v@weather.com,Female,186.159.122.10
321,Mariann,Viccary,mviccary8w@mapquest.com,Female,44.9.169.172
322,Rochester,Glentworth,rglentworth8x@craigslist.org,Male,13.41.208.211
323,Milt,Dimnage,mdimnage8y@princeton.edu,Male,212.46.187.121
324,Abelard,Causton,acauston8z@narod.ru,Male,84.99.120.22
325,Adam,Geertsen,ageertsen90@cdbaby.com,Male,70.192.209.15
326,Pooh,Diviny,pdiviny91@webs.com,Female,34.16.93.66
327,Huntley,Footitt,hfootitt92@oakley.com,Male,117.85.71.23
328,Tony,Trimming,ttrimming93@bandcamp.com,Male,248.141.96.115
329,Seamus,Gouldbourn,sgouldbourn94@businessweek.com,Male,177.156.110.187
330,Howard,Cavill,hcavill95@sfgate.com,Male,22.147.180.139
331,Carolynn,Sains,csains96@state.gov,Female,221.65.65.241
332,Rudyard,Quinet,rquinet97@narod.ru,Male,34.164.103.44
333,Gnni,Frary,gfrary98@house.gov,Female,38.210.59.9
334,Sheelagh,Shilito,sshilito99@usnews.com,Female,37.13.88.125
335,Mari,Verman,mverman9a@photobucket.com,Female,222.69.118.228
336,Eb,MacKeogh,emackeogh9b@cargocollective.com,Male,112.39.164.26
337,Cristen,Simione,csimione9c@indiegogo.com,Female,88.18.43.149
338,Zorina,Rathborne,zrathborne9d@squidoo.com,Female,18.15.80.57
339,Jourdain,Emmanuel,jemmanuel9e@microsoft.com,Male,134.182.236.34
340,Tyson,Wohler,twohler9f@theatlantic.com,Male,186.143.25.170
341,Idalia,McPaike,imcpaike9g@nba.com,Female,204.229.16.204
342,Marylee,McKeeman,mmckeeman9h@homestead.com,Female,71.108.82.16
343,Darill,O'Fallone,dofallone9i@webnode.com,Male,241.147.210.150
344,Creighton,Garnett,cgarnett9j@multiply.com,Male,103.169.4.50
345,Royal,Sangster,rsangster9k@cmu.edu,Male,253.207.169.137
346,Aime,Jandac,ajandac9l@comcast.net,Female,91.221.63.2
347,Nell,Zappel,nzappel9m@amazonaws.com,Female,72.203.171.248
348,Kleon,Pigott,kpigott9n@ask.com,Male,198.112.218.165
349,Eugen,Challenger,echallenger9o@marketwatch.com,Male,26.13.174.190
350,Neal,Predohl,npredohl9p@amazon.co.jp,Male,46.96.90.146
351,Lenard,Ewer,lewer9q@usgs.gov,Male,125.62.177.82
352,Allina,Olkowicz,aolkowicz9r@prnewswire.com,Female,127.228.199.66
353,Wes,Foro,wforo9s@chicagotribune.com,Male,91.156.194.171
354,Muire,Lundbech,mlundbech9t@sfgate.com,Female,187.194.143.160
355,Melodee,Gyurko,mgyurko9u@mapy.cz,Female,252.0.229.21
356,Edgar,Kinnon,ekinnon9v@theatlantic.com,Genderfluid,179.122.255.23
357,Dinny,Claw,dclaw9w@reverbnation.com,Female,181.166.194.101
358,Nickie,De Pietri,ndepietri9x@51.la,Agender,133.56.173.253
359,Joli,Pitkeathly,jpitkeathly9y@xrea.com,Polygender,142.22.99.93
360,Dorey,Sollars,dsollars9z@multiply.com,Female,77.18.20.95
361,Gonzalo,Duprey,gdupreya0@squarespace.com,Male,85.91.225.115
362,Sherline,Eastby,seastbya1@ucoz.ru,Female,88.80.84.215
363,Jacquie,Shuter,jshutera2@xing.com,Female,247.180.45.31
364,Gordy,Marsay,gmarsaya3@mashable.com,Genderfluid,44.192.225.239
365,Gisella,Nequest,gnequesta4@myspace.com,Female,124.181.250.124
366,Christen,Leal,cleala5@flickr.com,Bigender,121.13.236.250
367,Malanie,Chawkley,mchawkleya6@quantcast.com,Female,83.244.55.85
368,Keefer,Sansum,ksansuma7@t.co,Male,178.81.41.176
369,Brockie,Salsberg,bsalsberga8@ameblo.jp,Male,184.96.152.187
370,Claudie,Authers,cauthersa9@xrea.com,Female,139.140.99.46
371,Frederico,Stanger,fstangeraa@gmpg.org,Male,228.255.114.166
372,Corene,Bounde,cboundeab@webs.com,Female,149.166.18.121
373,Karlik,Horsewood,khorsewoodac@cnbc.com,Male,214.102.57.72
374,Salomon,Arsmith,sarsmithad@php.net,Male,212.222.147.10
375,Terrill,MacFadzean,tmacfadzeanae@theatlantic.com,Male,148.215.202.191
376,Vassili,Moogan,vmooganaf@state.tx.us,Male,50.229.172.45
377,Odella,Gallienne,ogallienneag@nbcnews.com,Female,121.51.223.1
378,Catlee,Brion,cbrionah@blogtalkradio.com,Female,11.177.105.153
379,Hal,Rafter,hrafterai@unblog.fr,Male,117.105.4.81
380,Britte,Mullin,bmullinaj@cmu.edu,Female,158.4.148.231
381,Nerte,Minister,nministerak@timesonline.co.uk,Agender,104.158.72.2
382,Talya,Emery,temeryal@oaic.gov.au,Female,118.0.60.30
383,Kariotta,Binden,kbindenam@so-net.ne.jp,Female,242.206.122.13
384,Eran,Bonney,ebonneyan@nyu.edu,Female,59.115.131.130
385,Hobart,Charity,hcharityao@networkadvertising.org,Male,253.46.184.82
386,Baldwin,Mepham,bmephamap@goodreads.com,Male,22.133.211.11
387,Hakeem,Brinkley,hbrinkleyaq@surveymonkey.com,Male,149.217.38.225
388,Noland,Ellingworth,nellingworthar@edublogs.org,Male,241.192.82.96
389,Heall,Chelsom,hchelsomas@stanford.edu,Male,44.103.235.21
390,Gina,Sillitoe,gsillitoeat@si.edu,Female,39.86.92.19
391,Bari,Vasilkov,bvasilkovau@livejournal.com,Female,187.156.105.176
392,Aile,Gorstidge,agorstidgeav@wsj.com,Polygender,158.140.233.43
393,Izzy,Grinval,igrinvalaw@skyrock.com,Male,165.219.173.70
394,Lonee,Mayell,lmayellax@xing.com,Female,127.50.48.142
395,Iormina,Rix,irixay@indiegogo.com,Female,51.63.58.124
396,Mauricio,Seago,mseagoaz@census.gov,Male,103.67.45.128
397,Kimberli,Volk,kvolkb0@joomla.org,Female,168.27.166.227
398,Helenelizabeth,Peaker,hpeakerb1@cloudflare.com,Female,19.217.150.31
399,Matty,Bisson,mbissonb2@cbc.ca,Non-binary,236.97.65.166
400,Ainslie,Salzen,asalzenb3@tinyurl.com,Non-binary,65.36.134.111
401,Marion,Francesconi,mfrancesconib4@abc.net.au,Male,134.50.53.29
402,Cassy,Caughey,ccaugheyb5@dmoz.org,Female,254.87.217.101
403,Rene,Hodinton,rhodintonb6@arizona.edu,Female,201.178.143.179
404,Dom,Buye,dbuyeb7@sbwire.com,Male,226.171.151.183
405,Astrix,Sondland,asondlandb8@woothemes.com,Female,70.107.112.194
406,Jessy,Banke,jbankeb9@wikispaces.com,Female,3.198.210.46
407,Sumner,Benford,sbenfordba@sun.com,Male,67.92.185.55
408,Elvin,Betteney,ebetteneybb@constantcontact.com,Genderfluid,63.226.10.193
409,Geordie,Chadbourne,gchadbournebc@wp.com,Bigender,185.230.119.190
410,Nolly,Windaybank,nwindaybankbd@1688.com,Male,113.126.147.180
411,Mercie,McLane,mmclanebe@marketwatch.com,Genderqueer,231.44.198.241
412,Piggy,Massimo,pmassimobf@huffingtonpost.com,Male,254.193.31.87
413,Kimbell,Heinzel,kheinzelbg@statcounter.com,Male,21.67.3.196
414,Melisse,Ciciotti,mciciottibh@free.fr,Genderqueer,186.66.206.113
415,Rockie,Parcell,rparcellbi@hexun.com,Male,65.240.50.80
416,Sterne,Godfery,sgodferybj@wunderground.com,Male,196.62.58.99
417,Andree,Farnall,afarnallbk@sciencedirect.com,Female,38.122.211.59
418,Carlita,Eisak,ceisakbl@spotify.com,Non-binary,18.202.79.136
419,Ford,Glanester,fglanesterbm@irs.gov,Non-binary,9.60.193.41
420,Dorene,Tipler,dtiplerbn@nifty.com,Female,241.0.78.197
421,Lanie,Talby,ltalbybo@google.pl,Male,231.198.168.160
422,Kinny,Gipson,kgipsonbp@plala.or.jp,Male,110.201.199.96
423,Clarissa,Heliot,cheliotbq@friendfeed.com,Female,77.121.22.214
424,Virgilio,Howchin,vhowchinbr@pbs.org,Male,166.106.185.13
425,Bebe,Chaffey,bchaffeybs@archive.org,Female,183.98.188.137
426,Ileane,Wittleton,iwittletonbt@opera.com,Female,26.155.159.199
427,Donna,Rollings,drollingsbu@google.fr,Female,208.21.57.48
428,Carita,Hardway,chardwaybv@tmall.com,Female,111.134.13.132
429,Farley,Claus,fclausbw@google.de,Genderqueer,109.249.240.187
430,Mildred,Murcott,mmurcottbx@census.gov,Female,109.32.216.48
431,Lorinda,Parkes,lparkesby@multiply.com,Female,195.213.119.0
432,Dulcinea,Chat,dchatbz@geocities.jp,Female,44.205.225.195
433,Jesus,Cobon,jcobonc0@theguardian.com,Male,210.61.4.146
434,Tallie,Ladel,tladelc1@blogspot.com,Male,23.202.61.54
435,Lauren,Grix,lgrixc2@posterous.com,Female,185.205.220.50
436,Candace,Rosenqvist,crosenqvistc3@zdnet.com,Female,99.38.231.153
437,Lancelot,Corrett,lcorrettc4@marriott.com,Polygender,200.161.106.251
438,Merissa,Flack,mflackc5@hexun.com,Polygender,34.195.249.74
439,Clem,Petriello,cpetrielloc6@amazonaws.com,Male,195.93.26.193
440,Kellen,Dyka,kdykac7@businesswire.com,Male,197.218.146.152
441,Janeta,Vlasin,jvlasinc8@sakura.ne.jp,Female,85.157.245.219
442,Electra,Kitchaside,ekitchasidec9@wufoo.com,Female,124.204.142.140
443,Minnaminnie,Coal,mcoalca@360.cn,Female,75.149.251.12
444,Blinni,Hampson,bhampsoncb@reuters.com,Female,207.217.239.216
445,Morganica,Wilton,mwiltoncc@artisteer.com,Female,167.24.59.64
446,Daile,Croxley,dcroxleycd@home.pl,Female,32.67.108.32
447,Keefe,Gabala,kgabalace@youtu.be,Male,42.231.78.105
448,Ninnette,Farquarson,nfarquarsoncf@stanford.edu,Genderfluid,18.152.33.54
449,Frazier,Cisneros,fcisneroscg@netscape.com,Male,53.131.33.18
450,Baldwin,Barney,bbarneych@fema.gov,Male,82.12.220.128
451,Ruggiero,Danilenko,rdanilenkoci@symantec.com,Male,237.121.108.242
452,Jordanna,Brissard,jbrissardcj@tumblr.com,Female,229.113.187.252
453,Anne-marie,Rosen,arosenck@japanpost.jp,Polygender,105.5.191.130
454,Kai,Pannaman,kpannamancl@skype.com,Female,126.156.114.27
455,Dierdre,Vonasek,dvonasekcm@dyndns.org,Female,131.151.81.64
456,Flore,Kalkofer,fkalkofercn@cdbaby.com,Female,33.181.168.190
457,Decca,Verrick,dverrickco@wordpress.com,Male,178.14.200.217
458,Alick,Bollen,abollencp@nih.gov,Male,156.4.174.122
459,Roberto,Margetson,rmargetsoncq@e-recht24.de,Male,249.220.176.243
460,Arlen,MacNeilly,amacneillycr@a8.net,Male,164.242.163.176
461,Deb,Andell,dandellcs@pbs.org,Female,233.97.73.89
462,Johnathan,Cockburn,jcockburnct@icio.us,Male,214.52.126.128
463,Gerhard,Lister,glistercu@canalblog.com,Male,75.249.45.221
464,Antony,Gull,agullcv@mayoclinic.com,Male,144.168.94.206
465,Darb,Breitler,dbreitlercw@bloomberg.com,Male,249.180.66.1
466,Willa,Jodlkowski,wjodlkowskicx@nih.gov,Female,28.155.66.126
467,Morrie,Faughnan,mfaughnancy@php.net,Male,188.109.239.227
468,Deloris,Bellie,dbelliecz@ifeng.com,Female,84.70.240.182
469,Davina,Dartnall,ddartnalld0@jimdo.com,Female,33.67.109.129
470,Nil,Dunthorn,ndunthornd1@squarespace.com,Male,134.99.17.184
471,Kort,Poe,kpoed2@irs.gov,Male,243.216.8.130
472,Carolan,Fernely,cfernelyd3@ask.com,Agender,241.125.102.54
473,Delilah,Lerway,dlerwayd4@smugmug.com,Female,184.185.103.114
474,Xylia,Besantie,xbesantied5@nyu.edu,Female,233.151.128.57
475,Cherilynn,Iacovacci,ciacovaccid6@tripadvisor.com,Genderqueer,197.38.244.47
476,Salem,Hinkes,shinkesd7@t.co,Male,144.136.110.59
477,Nissa,Branchett,nbranchettd8@archive.org,Female,21.139.125.96
478,Ber,Hayden,bhaydend9@liveinternet.ru,Male,249.57.10.101
479,Reuven,Hatrey,rhatreyda@nytimes.com,Male,228.5.83.156
480,Lee,Conahy,lconahydb@arizona.edu,Male,219.213.135.46
481,Hall,Connow,hconnowdc@pbs.org,Male,117.74.170.114
482,Moyra,Haburne,mhaburnedd@newyorker.com,Non-binary,15.220.58.70
483,Melodie,Giaomozzo,mgiaomozzode@newsvine.com,Female,48.149.138.172
484,Latashia,Lawrinson,llawrinsondf@statcounter.com,Female,63.182.76.190
485,Kendricks,Comfort,kcomfortdg@wordpress.org,Male,93.46.50.212
486,Mavis,Sailor,msailordh@baidu.com,Female,224.146.82.6
487,Kordula,Gotthard.sf,kgotthardsfdi@abc.net.au,Female,99.40.198.28
488,Tessi,Sogg,tsoggdj@skyrock.com,Non-binary,86.139.225.193
489,Devon,Samuel,dsamueldk@symantec.com,Female,2.180.90.234
490,Dunn,Goldsmith,dgoldsmithdl@shop-pro.jp,Male,99.109.252.29
491,Ettie,Thunnerclef,ethunnerclefdm@latimes.com,Female,31.125.57.46
492,Brunhilda,Toten,btotendn@jiathis.com,Female,162.224.141.127
493,Paxon,Sherwell,psherwelldo@last.fm,Male,173.220.224.75
494,Kyle,Keightley,kkeightleydp@bloglovin.com,Female,118.122.106.253
495,Randene,Pipworth,rpipworthdq@un.org,Female,119.157.178.238
496,Cammy,Aulton,caultondr@exblog.jp,Male,209.210.219.57
497,Adolf,Masterson,amastersonds@issuu.com,Male,136.152.38.172
498,Willdon,Braham,wbrahamdt@businessweek.com,Male,214.211.93.52
499,Frieda,Hynard,fhynarddu@jalbum.net,Female,200.26.249.64
500,Jessy,Peidro,jpeidrodv@ftc.gov,Female,139.197.133.80
501,Angelico,Arkle,aarkledw@nyu.edu,Male,51.55.115.45
502,Linzy,Sprowson,lsprowsondx@mashable.com,Female,123.210.64.148
503,Clarance,Fowler,cfowlerdy@w3.org,Male,137.38.182.92
504,Torrey,Rutland,trutlanddz@scientificamerican.com,Male,1.236.132.111
505,Gasparo,Kiltie,gkiltiee0@paginegialle.it,Male,18.102.94.224
506,Silva,Allan,sallane1@google.co.jp,Female,18.47.226.175
507,Hasheem,Miranda,hmirandae2@wordpress.org,Male,6.207.165.123
508,Laurice,Collen,lcollene3@nature.com,Female,223.137.131.215
509,Sanson,Cagan,scagane4@cdbaby.com,Male,229.250.92.77
510,Ichabod,Lalor,ilalore5@artisteer.com,Male,133.227.119.233
511,Hersch,Fibben,hfibbene6@tiny.cc,Bigender,137.9.50.68
512,Matt,Day,mdaye7@theatlantic.com,Genderqueer,192.175.114.200
513,Misty,Dalmon,mdalmone8@ed.gov,Female,146.59.121.3
514,Rafferty,Donnel,rdonnele9@ca.gov,Male,164.188.212.117
515,Egon,Goom,egoomea@businessweek.com,Male,239.113.106.48
516,Caria,Brass,cbrasseb@github.com,Bigender,58.212.246.123
517,Joane,Weyman,jweymanec@opera.com,Female,146.56.24.44
518,Guenna,Osgarby,gosgarbyed@163.com,Female,225.30.53.83
519,Maria,Cady,mcadyee@ezinearticles.com,Female,19.230.181.247
520,Isaiah,Connealy,iconnealyef@ucla.edu,Male,41.54.216.113
521,Vivianne,Matuszyk,vmatuszykeg@dyndns.org,Genderfluid,182.243.194.217
522,Raymund,Flaonier,rflaoniereh@narod.ru,Genderfluid,66.211.208.75
523,Crissie,Rickwood,crickwoodei@dmoz.org,Female,190.238.216.230
524,Hayes,Bolf,hbolfej@flickr.com,Male,229.218.107.217
525,Emmy,Broune,ebrouneek@cocolog-nifty.com,Polygender,198.192.191.31
526,Jaymie,Sarrell,jsarrellel@theglobeandmail.com,Male,88.131.52.232
527,Sharona,Cartmell,scartmellem@usnews.com,Female,201.124.189.115
528,Benedetta,Waylen,bwaylenen@uiuc.edu,Female,99.188.65.197
529,Bar,Kinnane,bkinnaneeo@whitehouse.gov,Male,217.109.100.213
530,Jobye,Forrestill,jforrestillep@rediff.com,Female,220.3.103.7
531,Andeee,Haglinton,ahaglintoneq@bloglovin.com,Female,161.233.100.241
532,Florinda,Siemon,fsiemoner@reddit.com,Female,145.98.225.166
533,Devlin,Hayton,dhaytones@over-blog.com,Male,199.33.88.88
534,Olivero,O'Shevlin,ooshevlinet@wordpress.org,Male,184.148.243.178
535,Dominic,Greenley,dgreenleyeu@toplist.cz,Male,5.185.248.120
536,Rodolphe,Murrigans,rmurrigansev@nature.com,Male,154.80.235.69
537,Tildy,Cobbledick,tcobbledickew@live.com,Female,176.189.187.2
538,Vivi,Jessard,vjessardex@artisteer.com,Female,90.10.249.236
539,Shepperd,Vaszoly,svaszolyey@flickr.com,Male,74.129.165.222
540,Hedvig,De Wolfe,hdewolfeez@ted.com,Female,190.239.183.139
541,Frederico,Lody,flodyf0@ihg.com,Male,0.174.90.112
542,Anallise,Thay,athayf1@hao123.com,Female,168.133.228.150
543,Ebonee,Rafter,erafterf2@sphinn.com,Female,99.177.74.249
544,Ced,Daley,cdaleyf3@webeden.co.uk,Male,103.68.59.212
545,Jard,Browne,jbrownef4@ycombinator.com,Male,177.132.155.87
546,Edee,Hardison,ehardisonf5@huffingtonpost.com,Polygender,165.203.148.235
547,Pablo,Bucher,pbucherf6@chicagotribune.com,Male,187.99.195.179
548,Winston,De Mitris,wdemitrisf7@deliciousdays.com,Non-binary,181.195.141.121
549,Eldon,Sherbourne,esherbournef8@123-reg.co.uk,Male,160.32.31.119
550,Benjamen,Dalmon,bdalmonf9@yellowbook.com,Male,145.50.211.4
551,Nefen,Beake,nbeakefa@fema.gov,Male,210.34.168.130
552,Serene,Ebbs,sebbsfb@tripadvisor.com,Female,211.31.78.209
553,Osmund,Lincoln,olincolnfc@istockphoto.com,Bigender,56.184.243.149
554,Hilliary,Vannar,hvannarfd@naver.com,Female,225.153.205.191
555,Madel,Towl,mtowlfe@histats.com,Female,61.192.183.83
556,Lyndy,Woolens,lwoolensff@infoseek.co.jp,Female,248.203.180.154
557,Payton,Bahls,pbahlsfg@state.gov,Male,39.162.145.64
558,Dukie,Tyreman,dtyremanfh@vimeo.com,Male,151.152.90.19
559,Niels,Inglese,ninglesefi@baidu.com,Male,98.36.227.25
560,Cyndi,Drysdall,cdrysdallfj@angelfire.com,Female,194.109.119.121
561,Davidde,Hasted,dhastedfk@shareasale.com,Male,208.145.222.46
562,Yehudit,Prynne,yprynnefl@examiner.com,Male,137.143.45.10
563,Janeta,Wiggall,jwiggallfm@qq.com,Female,122.137.51.230
564,Torrence,Cridlin,tcridlinfn@trellian.com,Non-binary,162.52.249.100
565,Magdalena,Golsthorp,mgolsthorpfo@ucoz.com,Female,212.68.12.91
566,Damiano,Semour,dsemourfp@usa.gov,Male,145.219.110.10
567,Nikita,Stubbin,nstubbinfq@arizona.edu,Male,212.132.113.135
568,Slade,Jarrad,sjarradfr@flavors.me,Male,59.50.8.141
569,Ronni,Edes,redesfs@spotify.com,Non-binary,75.10.169.159
570,Kettie,Messitt,kmessittft@apple.com,Female,249.135.170.194
571,Sibelle,Seagar,sseagarfu@marriott.com,Female,80.156.57.78
572,Chic,Cud,ccudfv@un.org,Male,53.10.131.151
573,Godiva,McCoveney,gmccoveneyfw@bloglovin.com,Female,173.134.150.20
574,Clareta,Weatherburn,cweatherburnfx@seattletimes.com,Female,92.233.114.233
575,Gilbert,Fenny,gfennyfy@xing.com,Male,9.174.85.63
576,Weider,Kopps,wkoppsfz@google.fr,Bigender,22.232.123.120
577,Mechelle,Frankish,mfrankishg0@java.com,Female,221.201.140.75
578,Hogan,Bonass,hbonassg1@harvard.edu,Male,214.125.220.127
579,Durand,Giraldez,dgiraldezg2@geocities.jp,Male,204.12.242.50
580,Krystyna,Jayes,kjayesg3@bloglines.com,Female,125.205.152.126
581,Wain,Kitchin,wkitching4@ezinearticles.com,Male,62.153.105.42
582,Lemmy,MacFadin,lmacfading5@t-online.de,Male,57.32.104.176
583,Cirstoforo,Defond,cdefondg6@google.ru,Bigender,75.99.254.247
584,Chrisy,Anglish,canglishg7@paginegialle.it,Male,52.111.85.162
585,Frankie,Ceely,fceelyg8@sciencedaily.com,Male,203.173.246.133
586,Lona,Royce,lroyceg9@seesaa.net,Female,98.89.183.205
587,Abelard,Hallad,ahalladga@pinterest.com,Male,210.122.238.157
588,Cody,Maple,cmaplegb@house.gov,Genderfluid,77.73.124.56
589,Rozella,Conry,rconrygc@odnoklassniki.ru,Female,218.204.141.150
590,Erda,Curless,ecurlessgd@economist.com,Female,104.20.0.57
591,Kennett,Madeley,kmadeleyge@github.com,Male,160.27.84.183
592,Isiahi,Mills,imillsgf@yandex.ru,Male,31.104.88.150
593,Edsel,Maplesden,emaplesdengg@cpanel.net,Male,50.116.158.58
594,Chadd,Meran,cmerangh@dion.ne.jp,Male,61.4.63.8
595,Kassi,Keller,kkellergi@cdbaby.com,Female,219.91.237.209
596,Stesha,Cluse,sclusegj@aboutads.info,Female,17.12.130.21
597,Korella,Edmans,kedmansgk@illinois.edu,Genderqueer,23.17.204.29
598,Jeth,Jaime,jjaimegl@oaic.gov.au,Male,215.232.236.226
599,Danyelle,Marushak,dmarushakgm@printfriendly.com,Female,229.232.241.44
600,Dorise,Sauvain,dsauvaingn@wufoo.com,Female,210.123.141.83
601,Aimil,Aucourte,aaucourtego@dailymotion.com,Female,72.217.241.134
602,Johnathon,Lahy,jlahygp@hubpages.com,Male,55.91.6.115
603,Allina,Leger,alegergq@zimbio.com,Female,66.209.159.103
604,Marga,Sage,msagegr@globo.com,Female,37.166.70.86
605,Belicia,Nettles,bnettlesgs@si.edu,Female,229.199.163.239
606,Kassandra,Sollime,ksollimegt@liveinternet.ru,Female,206.187.107.165
607,Elia,Mangion,emangiongu@51.la,Male,226.55.175.35
608,Erhard,Edlyn,eedlyngv@privacy.gov.au,Male,127.233.214.245
609,Doy,Quelch,dquelchgw@discovery.com,Male,110.61.241.121
610,Cordey,Brockelsby,cbrockelsbygx@i2i.jp,Female,40.51.51.130
611,Charleen,Kopp,ckoppgy@blog.com,Non-binary,126.96.107.73
612,Andie,Boothebie,aboothebiegz@theatlantic.com,Female,119.19.254.182
613,Courtney,Warton,cwartonh0@rediff.com,Female,141.150.159.77
614,Shaylah,Bartlomieczak,sbartlomieczakh1@adobe.com,Female,233.221.143.91
615,Grant,Kenway,gkenwayh2@domainmarket.com,Male,51.132.15.207
616,Nertie,Cast,ncasth3@yale.edu,Female,56.128.196.83
617,Grady,Westberg,gwestbergh4@army.mil,Male,212.139.85.220
618,Neville,Olivazzi,nolivazzih5@boston.com,Male,231.120.31.91
619,Oralle,Chomicz,ochomiczh6@e-recht24.de,Female,248.177.244.195
620,Annnora,Lawless,alawlessh7@narod.ru,Female,45.147.74.8
621,Conroy,Cherm,cchermh8@sfgate.com,Male,89.130.245.73
622,Mabel,Duffett,mduffetth9@51.la,Female,202.3.178.23
623,Jillian,Rosenstiel,jrosenstielha@1688.com,Female,114.94.132.200
624,Tiphany,Dennes,tdenneshb@sun.com,Female,174.215.183.19
625,Levy,Slany,lslanyhc@clickbank.net,Male,72.241.59.48
626,Stacee,Seccombe,sseccombehd@psu.edu,Female,28.45.197.136
627,Diarmid,Goffe,dgoffehe@cbc.ca,Male,165.134.95.211
628,Cassy,Lovelady,cloveladyhf@google.de,Female,43.193.47.92
629,Tate,Stebles,tstebleshg@com.com,Female,155.27.165.149
630,Hunfredo,Bullick,hbullickhh@squarespace.com,Male,109.68.13.131
631,Germaine,Doerrling,gdoerrlinghi@virginia.edu,Female,61.97.55.145
632,Alysia,Sheffield,asheffieldhj@vkontakte.ru,Female,51.223.179.87
633,Maryann,Fowlston,mfowlstonhk@ucoz.ru,Female,210.186.145.120
634,Bartie,Bicksteth,bbickstethhl@360.cn,Male,191.226.108.133
635,Vanny,Jury,vjuryhm@techcrunch.com,Female,135.61.201.126
636,Dorian,Mettrick,dmettrickhn@microsoft.com,Male,102.200.163.96
637,Sigismund,Guite,sguiteho@rambler.ru,Male,203.31.231.251
638,Rudolf,Pes,rpeshp@wordpress.org,Male,244.46.129.18
639,Farlay,Grabham,fgrabhamhq@nature.com,Male,97.68.126.248
640,Kevon,Jago,kjagohr@xing.com,Male,77.57.147.106
641,Royall,Bever,rbeverhs@mail.ru,Male,28.102.244.112
642,Eda,Turvie,eturvieht@gov.uk,Female,185.253.224.89
643,Lynett,Aspray,lasprayhu@etsy.com,Female,92.26.158.117
644,Tadd,Sclater,tsclaterhv@amazon.com,Male,6.19.8.229
645,Rafferty,Fenkel,rfenkelhw@merriam-webster.com,Male,17.227.75.225
646,Jemie,Larderot,jlarderothx@instagram.com,Female,137.144.122.209
647,Mariel,Belderson,mbeldersonhy@netvibes.com,Female,129.130.218.167
648,Roselle,Rymmer,rrymmerhz@accuweather.com,Female,51.162.71.168
649,Ivy,Bullen,ibulleni0@edublogs.org,Female,238.188.174.3
650,Leupold,Speares,lspearesi1@apple.com,Male,157.94.151.136
651,Shurwood,Cisco,sciscoi2@senate.gov,Male,35.242.223.85
652,Hamlin,Mowsdale,hmowsdalei3@skyrock.com,Male,160.184.18.203
653,Say,Ragbourn,sragbourni4@indiegogo.com,Male,103.166.2.6
654,Verena,Madoc-Jones,vmadocjonesi5@uiuc.edu,Female,237.170.32.226
655,Alejandra,Pember,apemberi6@pbs.org,Female,103.139.235.176
656,Milissent,Benkin,mbenkini7@yale.edu,Female,75.33.161.206
657,Roi,Everist,reveristi8@jigsy.com,Male,139.241.242.213
658,Crosby,Jantzen,cjantzeni9@whitehouse.gov,Male,1.110.181.2
659,Travus,Manclark,tmanclarkia@nih.gov,Male,175.158.22.83
660,Constantine,Greendale,cgreendaleib@google.fr,Male,145.77.55.194
661,Roddie,Ruckman,rruckmanic@spiegel.de,Bigender,122.177.28.220
662,Mandie,Mandel,mmandelid@msu.edu,Female,63.2.24.133
663,Kippie,Fulun,kfulunie@twitpic.com,Male,248.93.28.74
664,Georgetta,Kneal,gknealif@princeton.edu,Female,86.101.50.246
665,Brander,Caudrey,bcaudreyig@yelp.com,Male,92.10.84.10
666,Fredrika,Ogg,foggih@symantec.com,Female,155.85.63.98
667,Kandy,Kilcoyne,kkilcoyneii@fema.gov,Female,49.154.161.50
668,Berthe,Maior,bmaiorij@reverbnation.com,Female,205.161.112.224
669,Caspar,Heinritz,cheinritzik@hhs.gov,Male,107.132.191.88
670,Sherlock,Seldon,sseldonil@topsy.com,Male,58.76.225.93
671,Ashby,Reedman,areedmanim@prweb.com,Male,43.48.180.167
672,Terrence,Humberstone,thumberstonein@photobucket.com,Non-binary,140.93.23.180
673,Nicoline,Wallworth,nwallworthio@youtu.be,Female,131.21.171.86
674,Nicolis,Corkell,ncorkellip@forbes.com,Male,130.178.85.246
675,Wilden,Skune,wskuneiq@technorati.com,Male,166.197.186.75
676,Asa,Franzman,afranzmanir@elegantthemes.com,Male,47.9.247.54
677,Alix,Llewellyn,allewellynis@cocolog-nifty.com,Male,194.249.210.203
678,Lacie,Roggeman,lroggemanit@hostgator.com,Female,198.40.246.12
679,Bentlee,Giovannardi,bgiovannardiiu@prnewswire.com,Male,247.176.86.164
680,Fanya,Vannacci,fvannacciiv@surveymonkey.com,Female,104.8.140.12
681,Lilia,Scapelhorn,lscapelhorniw@mysql.com,Female,208.48.252.35
682,Fulvia,Dolohunty,fdolohuntyix@i2i.jp,Female,70.98.27.18
683,Forster,Maharey,fmahareyiy@rediff.com,Male,142.235.239.209
684,Niven,Tree,ntreeiz@house.gov,Male,99.255.153.233
685,Rogerio,Bendare,rbendarej0@youku.com,Male,124.217.11.109
686,Karlie,Rogan,kroganj1@webeden.co.uk,Female,97.39.145.150
687,Brandie,Oakenford,boakenfordj2@php.net,Female,249.32.113.70
688,Kati,De Roeck,kderoeckj3@google.it,Female,237.235.11.211
689,Nickola,Runnacles,nrunnaclesj4@prweb.com,Male,209.204.140.15
690,Alon,Trowell,atrowellj5@360.cn,Non-binary,223.35.241.42
691,Alano,Capitano,acapitanoj6@miitbeian.gov.cn,Male,30.42.145.255
692,Jsandye,Leeves,jleevesj7@tuttocitta.it,Female,223.150.119.121
693,Brander,Breheny,bbrehenyj8@woothemes.com,Male,60.143.213.11
694,Marylee,Piff,mpiffj9@twitter.com,Female,253.66.25.74
695,Melisa,Gerling,mgerlingja@skyrock.com,Female,201.12.71.218
696,Lenka,Ringe,lringejb@rakuten.co.jp,Female,218.18.35.134
697,Lyndsie,Willmer,lwillmerjc@newyorker.com,Female,20.24.244.129
698,Filberto,Sonner,fsonnerjd@123-reg.co.uk,Male,117.58.36.116
699,Georgy,Berzin,gberzinje@google.com.br,Male,142.239.39.54
700,Junette,Collins,jcollinsjf@virginia.edu,Female,34.31.151.123
701,Darcee,Readwood,dreadwoodjg@mysql.com,Female,239.201.134.126
702,Dena,Scrowby,dscrowbyjh@quantcast.com,Female,110.243.228.153
703,Caresse,Jarret,cjarretji@npr.org,Female,249.227.209.51
704,Charmane,Hurle,churlejj@java.com,Female,85.36.222.60
705,Imelda,Landa,ilandajk@wiley.com,Agender,142.119.112.137
706,Fredrick,Langman,flangmanjl@phpbb.com,Male,65.69.34.66
707,Modesty,Sheldrake,msheldrakejm@europa.eu,Female,128.13.226.147
708,Estele,Jaggar,ejaggarjn@xinhuanet.com,Female,222.102.66.250
709,Anastasia,Ganderton,agandertonjo@pinterest.com,Female,163.247.25.118
710,Nancy,Legg,nleggjp@ca.gov,Female,163.20.61.157
711,Ransell,Grassi,rgrassijq@smugmug.com,Male,243.93.234.114
712,Benedicto,Molden,bmoldenjr@facebook.com,Male,219.60.151.143
713,Heloise,Steabler,hsteablerjs@yolasite.com,Female,79.59.248.24
714,Nicholas,Vreede,nvreedejt@cdbaby.com,Male,2.209.74.43
715,Shandy,Terbeek,sterbeekju@mail.ru,Female,111.248.246.145
716,Reamonn,Merrick,rmerrickjv@newsvine.com,Male,93.111.184.20
717,Hamlin,Gawke,hgawkejw@goo.ne.jp,Male,109.39.238.65
718,James,Oliveti,jolivetijx@phoca.cz,Male,123.163.236.153
719,Bobinette,Zarfati,bzarfatijy@ucsd.edu,Female,234.179.181.113
720,Gaspard,Jobling,gjoblingjz@globo.com,Male,91.17.216.224
721,Christophe,Doerling,cdoerlingk0@bizjournals.com,Genderfluid,222.212.50.140
722,Brock,Smaile,bsmailek1@sitemeter.com,Male,10.95.146.137
723,Brock,Imesson,bimessonk2@topsy.com,Male,223.19.255.127
724,Holly,Michelotti,hmichelottik3@vinaora.com,Polygender,172.5.224.148
725,Christophe,Backe,cbackek4@macromedia.com,Male,229.207.241.250
726,Tomkin,Jewson,tjewsonk5@creativecommons.org,Male,142.7.254.150
727,Gael,Willingham,gwillinghamk6@twitter.com,Male,238.161.175.237
728,Claiborne,Arpe,carpek7@theglobeandmail.com,Male,140.17.226.42
729,Gran,Cohr,gcohrk8@reddit.com,Male,219.168.11.246
730,Trista,Reddings,treddingsk9@economist.com,Female,239.21.86.165
731,Jasmine,Lambeth,jlambethka@wisc.edu,Female,15.204.138.165
732,Bat,Seemmonds,bseemmondskb@virginia.edu,Male,25.80.219.217
733,Aveline,Godilington,agodilingtonkc@hubpages.com,Genderqueer,110.124.182.41
734,Martynne,Feldmesser,mfeldmesserkd@digg.com,Female,70.232.27.165
735,Brannon,Stegers,bstegerske@theguardian.com,Male,124.67.17.195
736,Wait,Bingall,wbingallkf@go.com,Male,80.14.236.144
737,Virginia,Tudbald,vtudbaldkg@elegantthemes.com,Female,154.123.129.220
738,Lira,Ducaen,lducaenkh@cornell.edu,Female,153.205.105.145
739,Rancell,Gateman,rgatemanki@ovh.net,Male,0.127.58.151
740,Slade,Storror,sstorrorkj@canalblog.com,Male,156.185.138.148
741,Margette,Mostin,mmostinkk@networkadvertising.org,Female,75.207.80.85
742,Salaidh,Tenman,stenmankl@wufoo.com,Female,49.101.169.213
743,Griff,Lafond,glafondkm@loc.gov,Male,204.106.122.168
744,Myrtia,Hailes,mhaileskn@yelp.com,Female,173.131.10.166
745,Solomon,Hundell,shundellko@joomla.org,Male,241.127.214.165
746,Madella,Tanswell,mtanswellkp@webmd.com,Female,53.130.100.250
747,Lin,Taggett,ltaggettkq@google.cn,Female,180.228.37.175
748,Gram,Simoneau,gsimoneaukr@miibeian.gov.cn,Non-binary,17.219.189.192
749,Pail,Binne,pbinneks@geocities.com,Male,255.163.243.11
750,Benedetto,Divers,bdiverskt@stanford.edu,Male,3.21.91.93
751,Urbain,Pietzker,upietzkerku@shareasale.com,Male,49.100.37.253
752,Adelina,Yesson,ayessonkv@dot.gov,Female,101.150.108.173
753,Trstram,Frango,tfrangokw@github.com,Male,123.212.89.31
754,Judd,Willisch,jwillischkx@tinyurl.com,Male,82.66.229.190
755,Burty,Drysdell,bdrysdellky@psu.edu,Male,172.156.70.252
756,Umeko,Samweyes,usamweyeskz@npr.org,Female,32.70.176.219
757,Sorcha,Dolley,sdolleyl0@slashdot.org,Female,13.46.133.112
758,Alysia,Maffini,amaffinil1@issuu.com,Female,232.148.166.236
759,Pincas,Mengo,pmengol2@about.me,Male,218.211.121.52
760,Ambrosio,Claxton,aclaxtonl3@topsy.com,Male,170.54.171.51
761,Ambros,Dresser,adresserl4@wiley.com,Male,102.54.183.166
762,Wilton,Igounet,wigounetl5@harvard.edu,Male,196.248.64.43
763,Maible,Ishchenko,mishchenkol6@dmoz.org,Female,249.34.88.57
764,Laura,Stealey,lstealeyl7@furl.net,Female,169.188.47.70
765,Cindra,Matthessen,cmatthessenl8@hhs.gov,Female,167.231.164.140
766,Evyn,Marcu,emarcul9@people.com.cn,Male,100.112.79.34
767,Jedidiah,Hassey,jhasseyla@umich.edu,Male,235.210.64.21
768,Anthony,Sennett,asennettlb@pinterest.com,Male,254.87.194.27
769,Kally,Claris,kclarislc@hatena.ne.jp,Female,125.181.68.157
770,Yuma,Shelp,yshelpld@apple.com,Genderfluid,82.125.235.241
771,Raphael,Evason,revasonle@marketwatch.com,Male,118.209.92.84
772,Marion,Sleicht,msleichtlf@ox.ac.uk,Bigender,128.8.29.119
773,Karil,Whitnall,kwhitnalllg@desdev.cn,Female,209.97.217.141
774,Jeanine,Jiles,jjileslh@canalblog.com,Genderfluid,180.176.120.84
775,Sandi,Stobbie,sstobbieli@mtv.com,Female,108.164.243.164
776,Garrett,Cardo,gcardolj@facebook.com,Male,47.141.124.155
777,Imogen,Samwell,isamwelllk@constantcontact.com,Female,188.231.174.119
778,Brunhilda,Packe,bpackell@newsvine.com,Female,240.79.105.62
779,Hubert,Leinthall,hleinthalllm@msu.edu,Male,109.254.128.112
780,Justinian,Huller,jhullerln@jiathis.com,Male,242.34.23.194
781,Ailene,Wikey,awikeylo@myspace.com,Female,213.202.18.29
782,Eleen,Baglow,ebaglowlp@wordpress.com,Bigender,0.90.54.130
783,Conn,Islep,cisleplq@google.com,Male,172.8.163.143
784,Marius,Trott,mtrottlr@eventbrite.com,Male,74.201.164.241
785,Cass,Gregson,cgregsonls@nhs.uk,Male,58.121.250.132
786,Bridie,Tukely,btukelylt@psu.edu,Female,46.9.28.209
787,Gretel,Mateo,gmateolu@cocolog-nifty.com,Female,29.20.56.180
788,Jdavie,Liddall,jliddalllv@bizjournals.com,Male,22.251.62.11
789,Lynnet,Aughton,laughtonlw@free.fr,Female,242.99.199.140
790,Christoffer,Gossan,cgossanlx@hexun.com,Agender,218.96.190.203
791,Christoper,Crudginton,ccrudgintonly@php.net,Genderfluid,152.213.248.196
792,Devi,Chaimson,dchaimsonlz@cloudflare.com,Female,74.64.79.72
793,Dallon,Casswell,dcasswellm0@ow.ly,Male,163.226.147.6
794,Kiel,Eck,keckm1@google.fr,Male,103.196.149.178
795,Barrie,Eadon,beadonm2@hatena.ne.jp,Male,184.215.58.13
796,Hadley,Mundie,hmundiem3@wufoo.com,Male,140.117.249.7
797,Kelcie,Martinon,kmartinonm4@soundcloud.com,Female,89.58.197.193
798,Letti,Eckly,lecklym5@etsy.com,Female,83.47.218.112
799,Rustie,Caudle,rcaudlem6@bizjournals.com,Male,131.19.187.68
800,Dosi,Kordt,dkordtm7@vimeo.com,Female,209.170.152.119
801,Mitchael,Glossup,mglossupm8@hp.com,Male,16.160.180.160
802,Justine,Drewitt,jdrewittm9@w3.org,Female,213.67.172.43
803,Bernita,Croft,bcroftma@dmoz.org,Female,116.68.73.104
804,Fred,Christescu,fchristescumb@china.com.cn,Female,177.1.43.182
805,Percival,Neward,pnewardmc@51.la,Male,66.69.18.118
806,Andrew,Iannazzi,aiannazzimd@netscape.com,Male,12.253.134.229
807,Jeffry,Chatelet,jchateletme@nytimes.com,Male,65.25.77.204
808,Yorgo,Issacov,yissacovmf@seesaa.net,Male,121.91.211.250
809,Paxton,Winfrey,pwinfreymg@samsung.com,Male,12.171.168.222
810,Janka,Keward,jkewardmh@google.com,Female,25.85.56.221
811,Lonee,Tukely,ltukelymi@sina.com.cn,Female,38.63.20.175
812,Allin,Mycroft,amycroftmj@bbc.co.uk,Male,129.36.202.106
813,Daniela,Kobpac,dkobpacmk@prnewswire.com,Female,24.251.45.130
814,Darby,Crickmore,dcrickmoreml@intel.com,Male,135.109.57.110
815,Lucho,Kinrade,lkinrademm@mac.com,Male,106.41.196.115
816,Eadmund,Heppenspall,eheppenspallmn@hhs.gov,Male,2.246.197.71
817,Morse,Guile,mguilemo@nature.com,Male,38.244.196.102
818,Andris,Allebone,aallebonemp@fda.gov,Male,73.142.240.126
819,Leonelle,Schulken,lschulkenmq@java.com,Female,253.226.38.36
820,Gavan,Wigan,gwiganmr@imdb.com,Agender,115.92.229.206
821,Paul,Tudball,ptudballms@alexa.com,Male,94.128.59.11
822,Chicky,Hernik,chernikmt@cloudflare.com,Male,114.85.29.240
823,Elsinore,Hardaker,ehardakermu@jimdo.com,Female,239.100.5.233
824,Crissie,Farnon,cfarnonmv@surveymonkey.com,Female,86.70.247.10
825,Rockwell,Gregorace,rgregoracemw@sina.com.cn,Male,136.147.201.76
826,Rowena,Tremoulet,rtremouletmx@sfgate.com,Female,217.93.63.217
827,Joshuah,Human,jhumanmy@gnu.org,Male,37.139.122.194
828,Melonie,Cregan,mcreganmz@mapquest.com,Female,33.151.239.134
829,Melva,Ziehm,mziehmn0@com.com,Bigender,87.125.99.115
830,Ansel,Vogeler,avogelern1@jimdo.com,Male,90.128.175.199
831,Ortensia,Mougel,omougeln2@loc.gov,Female,206.35.193.255
832,Tim,Lyosik,tlyosikn3@exblog.jp,Female,83.123.230.29
833,Clemmy,Streatfeild,cstreatfeildn4@mysql.com,Female,62.63.175.222
834,Redd,Rice,rricen5@woothemes.com,Male,236.96.23.67
835,Natalie,Stoakley,nstoakleyn6@jalbum.net,Female,127.17.247.59
836,Ragnar,Sapseed,rsapseedn7@4shared.com,Male,97.115.138.20
837,Bil,Loveless,blovelessn8@apache.org,Non-binary,187.167.82.87
838,Reynold,Vobes,rvobesn9@cpanel.net,Genderqueer,22.104.131.131
839,Loutitia,Weond,lweondna@businesswire.com,Female,108.131.147.223
840,Ansley,Harvey,aharveynb@java.com,Polygender,221.237.182.247
841,Tabb,Hildred,thildrednc@mlb.com,Male,63.17.6.94
842,Belita,Edmund,bedmundnd@google.de,Female,247.237.183.5
843,Angelico,Applin,aapplinne@creativecommons.org,Male,200.185.16.175
844,Dalia,Jarrel,djarrelnf@illinois.edu,Genderqueer,61.198.188.132
845,Petronella,Coale,pcoaleng@diigo.com,Female,102.148.93.37
846,Fanchon,Raulston,fraulstonnh@google.nl,Female,106.204.28.222
847,Allistir,Chezelle,achezelleni@whitehouse.gov,Male,190.0.42.226
848,Yehudi,Treanor,ytreanornj@cbc.ca,Male,217.181.158.90
849,Aluino,Kalf,akalfnk@harvard.edu,Male,16.28.174.195
850,Luci,Dorcey,ldorceynl@google.pl,Female,30.226.64.133
851,Bernice,Tuffey,btuffeynm@ox.ac.uk,Female,65.95.98.208
852,Ilka,Paslow,ipaslownn@tmall.com,Female,14.33.48.136
853,Russell,Lemerle,rlemerleno@redcross.org,Male,55.35.48.72
854,Jaime,Hardistry,jhardistrynp@github.io,Female,0.109.168.44
855,Cathy,Pinwell,cpinwellnq@fc2.com,Female,9.105.241.100
856,Bengt,Lawman,blawmannr@moonfruit.com,Male,232.209.188.76
857,Jacquelynn,Tetlow,jtetlowns@ezinearticles.com,Female,251.55.91.31
858,Moore,MacDavitt,mmacdavittnt@china.com.cn,Bigender,204.117.16.156
859,Bonnie,Oxteby,boxtebynu@amazonaws.com,Female,19.98.255.11
860,Armando,Forre,aforrenv@scientificamerican.com,Male,187.160.65.83
861,Chrissy,Burdess,cburdessnw@friendfeed.com,Male,159.213.101.78
862,Osborn,Tristram,otristramnx@devhub.com,Male,72.210.118.21
863,Bettine,Drakeley,bdrakeleyny@jiathis.com,Female,216.254.181.244
864,Martica,Jerche,mjerchenz@dropbox.com,Female,89.247.56.188
865,Dewain,Gullane,dgullaneo0@php.net,Male,28.215.16.191
866,Conrad,Dobbyn,cdobbyno1@issuu.com,Male,208.123.150.2
867,Clari,MacArd,cmacardo2@go.com,Female,193.15.134.110
868,Niels,Marousek,nmarouseko3@miibeian.gov.cn,Male,59.16.12.131
869,Mariellen,Francioli,mfranciolio4@creativecommons.org,Female,43.254.109.211
870,Andromache,Byrnes,abyrneso5@abc.net.au,Female,251.218.222.172
871,Evered,Recher,erechero6@google.ca,Male,147.222.72.50
872,Valentine,Gerrit,vgerrito7@mlb.com,Female,27.160.13.66
873,Johannah,Cromb,jcrombo8@wix.com,Female,135.103.148.27
874,Etti,Bosdet,ebosdeto9@economist.com,Female,176.40.141.124
875,Marcile,Hostan,mhostanoa@squidoo.com,Female,101.67.1.37
876,Orland,Scoble,oscobleob@gmpg.org,Male,252.7.229.89
877,Erina,Wem,ewemoc@nhs.uk,Female,120.108.173.113
878,Bettye,Cornillot,bcornillotod@latimes.com,Female,164.86.20.68
879,Willis,Lavender,wlavenderoe@economist.com,Male,134.9.105.146
880,Welsh,Filson,wfilsonof@drupal.org,Male,60.81.88.39
881,Javier,Cremer,jcremerog@mozilla.org,Male,184.136.84.43
882,Lynett,Adamoli,ladamolioh@home.pl,Female,231.52.238.245
883,Teri,Crutchley,tcrutchleyoi@cbsnews.com,Female,70.253.89.185
884,Arlena,Villalta,avillaltaoj@zimbio.com,Female,253.106.62.206
885,Dena,Juszkiewicz,djuszkiewiczok@icq.com,Female,255.204.104.130
886,Murvyn,Tabbitt,mtabbittol@youku.com,Male,229.166.74.191
887,Corty,Furtado,cfurtadoom@amazon.de,Male,213.231.69.217
888,Maure,Paget,mpageton@phpbb.com,Female,143.147.139.40
889,Meghann,Luetchford,mluetchfordoo@ifeng.com,Female,134.67.124.221
890,Allayne,MacMillan,amacmillanop@mit.edu,Male,24.191.226.82
891,Amalie,Pick,apickoq@icq.com,Female,216.226.122.6
892,Tucker,Laverty,tlavertyor@washingtonpost.com,Male,255.159.3.7
893,Jules,Raubenheim,jraubenheimos@zimbio.com,Male,163.77.50.254
894,Kamilah,Bachellier,kbachellierot@imageshack.us,Female,142.168.79.227
895,Maddie,Oguz,moguzou@walmart.com,Male,71.14.25.16
896,Afton,Romaine,aromaineov@loc.gov,Female,185.223.119.99
897,Abagail,Goldby,agoldbyow@stanford.edu,Female,179.42.38.32
898,Blaine,Byars,bbyarsox@t-online.de,Male,219.213.110.85
899,Justina,Thorneloe,jthorneloeoy@usgs.gov,Female,185.134.242.224
900,Nikki,Beeble,nbeebleoz@taobao.com,Female,234.98.206.32
901,Alfonse,Gerardot,agerardotp0@ft.com,Male,9.83.195.103
902,Nicola,Litherborough,nlitherboroughp1@pbs.org,Male,49.106.174.132
903,Spense,Grunder,sgrunderp2@usda.gov,Male,108.252.247.17
904,Gray,Cosstick,gcosstickp3@toplist.cz,Male,251.86.42.163
905,Ad,Biasotti,abiasottip4@weather.com,Male,142.96.118.16
906,Bradley,Asmus,basmusp5@ow.ly,Male,74.31.188.234
907,Sidnee,Redolfi,sredolfip6@nba.com,Polygender,205.198.32.90
908,Lishe,Groundwater,lgroundwaterp7@twitter.com,Female,136.174.54.163
909,Demetra,MacIlriach,dmacilriachp8@rambler.ru,Female,226.191.68.236
910,Rollins,Reinhardt,rreinhardtp9@huffingtonpost.com,Male,201.194.87.227
911,Mallory,Renwick,mrenwickpa@ocn.ne.jp,Female,45.192.6.29
912,Leland,Sandell,lsandellpb@nba.com,Male,223.18.204.156
913,Rollo,Melsom,rmelsompc@gravatar.com,Male,63.19.55.78
914,Tulley,Neissen,tneissenpd@digg.com,Male,9.238.43.235
915,Sue,Bettridge,sbettridgepe@reddit.com,Female,242.224.247.77
916,Ford,Palomba,fpalombapf@hostgator.com,Male,42.190.221.200
917,Artie,Sorsby,asorsbypg@businessinsider.com,Polygender,76.248.33.16
918,June,Tweedell,jtweedellph@histats.com,Female,0.63.70.172
919,Garrick,Bakey,gbakeypi@hao123.com,Male,81.112.157.112
920,Gare,Gilliard,ggilliardpj@cdbaby.com,Male,97.161.153.129
921,Sergent,Poli,spolipk@utexas.edu,Male,198.234.26.200
922,Konstanze,Sextone,ksextonepl@flickr.com,Female,161.204.42.169
923,Matty,Bollands,mbollandspm@twitter.com,Female,146.230.113.55
924,Vaclav,Manuely,vmanuelypn@ycombinator.com,Male,81.74.30.73
925,Pincus,Deviney,pdevineypo@tmall.com,Genderqueer,156.221.68.194
926,Simmonds,Scatcher,sscatcherpp@printfriendly.com,Male,201.188.7.87
927,Heloise,Gonin,hgoninpq@unesco.org,Female,48.219.215.47
928,Zacharias,Doyland,zdoylandpr@bandcamp.com,Male,248.70.213.61
929,Luciano,Utridge,lutridgeps@stanford.edu,Male,96.155.253.63
930,Garrek,Brambill,gbrambillpt@wikispaces.com,Male,68.82.175.73
931,Ainslee,Kunkel,akunkelpu@sbwire.com,Female,178.210.255.14
932,Coreen,Darnborough,cdarnboroughpv@macromedia.com,Female,0.2.102.104
933,Staffard,Dartan,sdartanpw@dyndns.org,Male,225.240.25.253
934,Justin,Schultz,jschultzpx@engadget.com,Male,45.200.109.161
935,Meredeth,Micklewright,mmicklewrightpy@youtu.be,Male,32.91.130.191
936,Margi,Shurrocks,mshurrockspz@imgur.com,Female,190.4.106.212
937,Gabey,Squire,gsquireq0@springer.com,Female,57.93.245.197
938,Nefen,Mintoft,nmintoftq1@163.com,Male,202.34.19.191
939,Niki,Dight,ndightq2@freewebs.com,Male,198.181.38.140
940,Niccolo,Abramson,nabramsonq3@linkedin.com,Male,186.217.234.0
941,Chelsea,Sansom,csansomq4@over-blog.com,Non-binary,148.133.153.71
942,Moises,Elham,melhamq5@oracle.com,Male,138.36.207.61
943,Millie,Moreinis,mmoreinisq6@columbia.edu,Female,31.25.190.134
944,Wake,St Leger,wstlegerq7@ucoz.ru,Male,114.137.79.123
945,Sherye,Scotchbrook,sscotchbrookq8@google.com.br,Female,79.18.246.18
946,Hugo,Di Bartolomeo,hdibartolomeoq9@wsj.com,Male,213.196.45.140
947,Peyton,Hellwich,phellwichqa@biblegateway.com,Male,58.135.236.200
948,Alisun,Gwillim,agwillimqb@reference.com,Female,131.109.227.121
949,Lorilyn,Allbut,lallbutqc@vkontakte.ru,Female,105.179.29.113
950,May,Koenen,mkoenenqd@independent.co.uk,Female,100.82.198.107
951,Susanetta,Anthill,santhillqe@technorati.com,Female,152.169.76.190
952,Teri,Vogeller,tvogellerqf@wikia.com,Female,94.95.1.198
953,Daphne,Judkins,djudkinsqg@livejournal.com,Female,226.165.4.47
954,Marchall,Dicey,mdiceyqh@unblog.fr,Male,1.11.115.10
955,Neils,Ollerton,nollertonqi@rediff.com,Male,122.194.187.128
956,Major,Dregan,mdreganqj@infoseek.co.jp,Male,109.131.83.183
957,Son,Dicte,sdicteqk@vimeo.com,Male,43.63.7.175
958,Larina,Mounsie,lmounsieql@cdc.gov,Female,74.23.59.60
959,Kerrie,Dagon,kdagonqm@bbc.co.uk,Female,228.91.42.18
960,Carlyn,De Michele,cdemicheleqn@gov.uk,Female,241.187.198.253
961,Nollie,McGriffin,nmcgriffinqo@uiuc.edu,Bigender,61.31.120.70
962,Brittni,Jenner,bjennerqp@hhs.gov,Genderfluid,249.46.209.35
963,Rubie,Whelpton,rwhelptonqq@angelfire.com,Genderqueer,48.20.206.180
964,Raquel,Lippini,rlippiniqr@eventbrite.com,Female,91.185.167.113
965,Wain,Compson,wcompsonqs@google.fr,Bigender,109.242.138.124
966,Allianora,Tendahl,atendahlqt@mayoclinic.com,Female,189.238.0.205
967,Elijah,Brognot,ebrognotqu@netlog.com,Male,11.79.32.17
968,Brook,Duguid,bduguidqv@woothemes.com,Female,149.103.24.140
969,Kaine,Sowood,ksowoodqw@t-online.de,Male,254.246.254.12
970,Rivkah,Warhurst,rwarhurstqx@prlog.org,Female,17.174.224.53
971,Abbey,Poletto,apolettoqy@naver.com,Male,211.246.189.29
972,Judie,Seid,jseidqz@mayoclinic.com,Female,68.90.124.124
973,Tressa,Tortis,ttortisr0@oaic.gov.au,Female,138.151.200.77
974,Packston,Calafate,pcalafater1@nih.gov,Male,178.145.21.176
975,Paloma,Hebblewaite,phebblewaiter2@nps.gov,Female,85.15.32.28
976,Addy,Vigors,avigorsr3@timesonline.co.uk,Female,78.110.79.71
977,Wynne,Hawtry,whawtryr4@mail.ru,Female,68.243.122.252
978,Kev,Lloyds,klloydsr5@cocolog-nifty.com,Male,105.238.115.153
979,Benjy,Brower,bbrowerr6@icq.com,Male,33.132.70.103
980,Siffre,Gambie,sgambier7@si.edu,Polygender,205.232.84.253
981,Melitta,Woodhouse,mwoodhouser8@imageshack.us,Bigender,65.156.200.219
982,Celle,Jeger,cjegerr9@studiopress.com,Female,101.167.167.62
983,Vincenz,Crayk,vcraykra@vimeo.com,Male,108.66.215.252
984,Hymie,Sparshott,hsparshottrb@google.de,Male,229.33.126.176
985,Lari,Manthorpe,lmanthorperc@sourceforge.net,Polygender,136.163.121.82
986,Jonah,Rodrig,jrodrigrd@miitbeian.gov.cn,Male,243.246.40.82
987,Gusella,Mabee,gmabeere@netscape.com,Female,92.199.113.32
988,Arlene,Parradye,aparradyerf@cbslocal.com,Genderfluid,113.86.112.189
989,Gretna,Tassell,gtassellrg@redcross.org,Genderfluid,47.2.217.59
990,Hadley,Adrien,hadrienrh@mapquest.com,Male,142.102.168.216
991,Dion,Stokey,dstokeyri@blogspot.com,Female,157.244.118.142
992,Mano,Huerta,mhuertarj@shareasale.com,Male,206.152.149.6
993,Rodney,Chaloner,rchalonerrk@newyorker.com,Male,97.58.156.53
994,Hammad,Commucci,hcommuccirl@wunderground.com,Polygender,207.19.145.159
995,Frants,Ozintsev,fozintsevrm@nasa.gov,Male,158.229.221.34
996,Bengt,Lally,blallyrn@yandex.ru,Male,249.22.37.157
997,Gaile,Treweela,gtreweelaro@thetimes.co.uk,Male,167.186.143.236
998,Aaren,McPhater,amcphaterrp@imgur.com,Female,222.126.34.70
999,Odetta,Lerwill,olerwillrq@ning.com,Female,166.213.38.34
1000,Emmy,Neasham,eneashamrr@indiegogo.com,Female,68.129.25.143
